200,Unused,Unused
201,New Jersey,US
202,Washington D.C.,US
203,Connecticut,US
204,Manitoba,Canada
205,Alabama,US
206,Washington,US
207,Maine,US
208,Idaho,US
209,California,US
210,Texas,US
211,Unused,Unused
212,New York,US
213,California,US
214,Texas,US
215,Pennsylvania,US
216,Ohio,US
217,Illinois,US
218,Minnesota,US
219,Indiana,US
220,Ohio,US
221,Unused,Unused
222,Unused,Unused
223,Pennsylvania,US
224,Illinois,US
225,Louisiana,US
226,Ontario,Canada
227,Maryland,US
228,Mississippi,US
229,Georgia,US
230,Unused,Unused
231,Michigan,US
232,Unused,Unused
233,Unused,Unused
234,Ohio,US
235,Unused,Unused
236,British Columbia,Canada
237,Unused,Unused
238,Unused,Unused
239,Florida,US
240,Maryland,US
241,Unused,Unused
242,Bahamas,Bahamas
243,Unused,Unused
244,Unused,Unused
245,Unused,Unused
246,Barbados,Barbados
247,Unused,Unused
248,Michigan,US
249,Ontario,Canada
250,British Columbia,Canada
251,Alabama,US
252,North Carolina,US
253,Washington,US
254,Texas,US
255,Unused,Unused
256,Alabama,US
257,Unused,Canada
258,Unused,Unused
259,Unused,Unused
260,Indiana,US
261,Unused,Unused
262,Wisconsin,US
263,Unused,Canada
264,Anguilla,Anguilla
265,Unused,Unused
266,Unused,Unused
267,Pennsylvania,US
268,Antigua/Barbuda,Antigua/Barbuda
269,Michigan,US
270,Kentucky,US
271,Unused,Unused
272,Pennsylvania,US
273,Unused,Canada
274,Wisconsin,US
275,Unused,Unused
276,Virginia,US
277,Unused,Unused
278,Unused,Unused
279,California,US
280,Unused,Unused
281,Texas,US
282,Unused,Unused
283,Ohio,US
284,British Virgin Islands,British Virgin Islands
285,Unused,Unused
286,Unused,Unused
287,Unused,Unused
288,Unused,Unused
289,Ontario,Canada
290,Unused,Unused
291,Unused,Unused
292,Unused,Unused
293,Unused,Unused
294,Unused,Unused
295,Unused,Unused
296,Unused,Unused
297,Unused,Unused
298,Unused,Unused
299,Unused,Unused
300,Unused,Unused
301,Maryland,US
302,Deleware,US
303,Colorado,US
304,West Virginia,US
305,Florida,US
306,Saskatchewan,Canada
307,Wyoming,US
308,Nebraska,US
309,Illinois,US
310,California,US
311,Unused,Unused
312,Illinois,US
313,Michigan,US
314,Missouri,US
315,New York,US
316,Kansas,US
317,Indiana,US
318,Louisiana,US
319,Iowa,US
320,Minnesota,US
321,Florida,US
322,Unused,Unused
323,California,US
324,Unused,Unused
325,Texas,US
326,Ohio,US
327,Arkansas,US
328,Unused,Unused
329,Unused,Unused
330,Ohio,US
331,Illinois,US
332,New York,US
333,Unused,Unused
334,Alabama,US
335,Unused,Unused
336,North Carolina,US
337,Louisiana,US
338,Unused,Unused
339,Massachusetts,US
340,US Virgin Islands,US
341,California,US
342,Unused,Unused
343,Ontario,Canada
344,Unused,Unused
345,Cayman Islands,Cayman Islands
346,Texas,US
347,New York,US
348,Unused,Unused
349,Unused,Unused
350,Unused,Unused
351,Massachusetts,US
352,Florida,US
353,Unused,US
354,Quebec,Canada
355,Unused,Unused
356,Unused,Unused
357,Unused,Unused
358,Unused,Unused
359,Unused,Unused
360,Washington,US
361,Texas,US
362,Unused,Unused
363,Unused,Unused
364,Kentucky,US
365,Ontario,Canada
366,Unused,Unused
367,Quebec,Canada
368,Alberta,Canada
369,Unused,US
370,Unused,Unused
371,Unused,Unused
372,Unused,Unused
373,Unused,Unused
374,Unused,Unused
375,Unused,Unused
376,Unused,Unused
377,Unused,Unused
378,Unused,Unused
379,Unused,Unused
380,Ohio,US
381,Unused,Unused
382,Unused,Canada
383,Unused,Unused
384,Unused,Unused
385,Utah,US
386,Florida,US
387,Unused,Canada
388,Unused,Unused
389,Unused,Unused
390,Unused,Unused
391,Unused,Unused
392,Unused,Unused
393,Unused,Unused
394,Unused,Unused
395,Unused,Unused
396,Unused,Unused
397,Unused,Unused
398,Unused,Unused
399,Unused,Unused
400,Unused,Unused
401,Rhode Island,US
402,Nebraska,US
403,Alberta,Canada
404,Georgia,US
405,Oklahoma,US
406,Montana,US
407,Florida,US
408,California,US
409,Texas,US
410,Maryland,US
411,Unused,Unused
412,Pennsylvania,US
413,Massachusetts,US
414,Wisconsin,US
415,California,US
416,Ontario,Canada
417,Missouri,US
418,Quebec,Canada
419,Ohio,US
420,Unused,Unused
421,Unused,Unused
422,Unused,Unused
423,Tennessee,US
424,California,US
425,Washington,US
426,Unused,Unused
427,Unused,Unused
428,New Brunswick,Canada
429,Unused,Unused
430,Texas,US
431,Manitoba,Canada
432,Texas,US
433,Unused,Unused
434,Virginia,US
435,Utah,US
436,Unused,Unused
437,Ontario,Canada
438,Quebec,Canada
439,Unused,Unused
440,Ohio,US
441,Bermuda,Bermuda
442,California,US
443,Maryland,US
444,Unused,Unused
445,Pennsylvania,US
446,Unused,Unused
447,Illinois,US
448,Florida,US
449,Unused,Unused
450,Quebec,Canada
451,Unused,Unused
452,Unused,Unused
453,Unused,Unused
454,Unused,Unused
455,Unused,Unused
456,Unused,Unused
457,Unused,Unused
458,Oregon,US
459,Unused,Unused
460,Unused,Canada
461,Unused,Unused
462,Unused,Unused
463,Indiana,US
464,Illinois,US
465,Unused,Unused
466,Unused,Unused
467,Unused,Unused
468,Unused,Canada
469,Texas,US
470,Georgia,US
471,Unused,Unused
472,North Carolina,US
473,Grenada,Grenada
474,Saskatchewan,Canada
475,Connecticut,US
476,Unused,Unused
477,Unused,Unused
478,Georgia,US
479,Arkansas,US
480,Arizona,US
481,Unused,Unused
482,Unused,Unused
483,Unused,Unused
484,Pennsylvania,US
485,Unused,Unused
486,Unused,Unused
487,Unused,Canada
488,Unused,Unused
489,Unused,Unused
490,Unused,Unused
491,Unused,Unused
492,Unused,Unused
493,Unused,Unused
494,Unused,Unused
495,Unused,Unused
496,Unused,Unused
497,Unused,Unused
498,Unused,Unused
499,Unused,Unused
500,NANP Area,Unused
501,Arkansas,US
502,Kentucky,US
503,Oregon,US
504,Louisiana,US
505,New Mexico,US
506,New Brunswick,Canada
507,Minnesota,US
508,Massachusetts,US
509,Washington,US
510,California,US
511,Unused,Unused
512,Texas,US
513,Ohio,US
514,Quebec,Canada
515,Iowa,US
516,New York,US
517,Michigan,US
518,New York,US
519,Ontario,Canada
520,Arizona,US
521,Unused,Unused
522,NANP Area,Unused
523,Unused,Unused
524,Unused,Unused
525,Unused,Unused
526,Unused,US
527,NANP Area,Unused
528,NANP Area,Unused
529,NANP Area,Unused
530,California,US
531,Nebraska,US
532,NANP Area,Unused
533,NANP Area,Unused
534,Wisconsin,US
535,NANP Area,Unused
536,Unused,Unused
537,Unused,Canada
538,NANP Area,Unused
539,Oklahoma,US
540,Virginia,US
541,Oregon,US
542,NANP Area,Unused
543,NANP Area,Unused
544,NANP Area,Unused
545,NANP Area,Unused
546,NANP Area,Unused
547,NANP Area,Unused
548,Ontario,Canada
549,NANP Area,Unused
550,NANP Area,Unused
551,New Jersey,US
552,NANP Area,Unused
553,NANP Area,Unused
554,NANP Area,Unused
555,Unused,Unused
556,NANP Area,Unused
557,Missouri,US
558,NANP Area,Unused
559,California,US
560,Unused,Unused
561,Florida,US
562,California,US
563,Iowa,US
564,Washington,US
565,Unused,Unused
566,NANP Area,Unused
567,Ohio,US
568,Unused,Canada
569,NANP Area,Unused
570,Pennsylvania,US
571,Virginia,US
572,Oklahoma,US
573,Missouri,US
574,Indiana,US
575,New Mexico,US
576,Unused,Unused
577,NANP Area,Unused
578,NANP Area,Unused
579,Quebec,Canada
580,Oklahoma,US
581,Quebec,Canada
582,Pennsylvania,US
583,Unused,Unused
584,Unused,Canada
585,New York,US
586,Michigan,US
587,Alberta,Canada
588,NANP Area,Unused
589,Unused,Unused
590,Unused,Unused
591,Unused,Unused
592,Unused,Unused
593,Unused,Unused
594,Unused,Unused
595,Unused,Unused
596,Unused,Unused
597,Unused,Unused
598,Unused,Unused
599,Unused,Unused
600,Unused,Canada
601,Mississippi,US
602,Arizona,US
603,New Hampshire,US
604,British Columbia,Canada
605,South Dakota,US
606,Kentucky,US
607,New York,US
608,Wisconsin,US
609,New Jersey,US
610,Pennsylvania,US
611,Unused,Unused
612,Minnesota,US
613,Ontario,Canada
614,Ohio,US
615,Tennessee,US
616,Michigan,US
617,Massachusetts,US
618,Illinois,US
619,California,US
620,Kansas,US
621,Unused,Unused
622,Canada,Canada
623,Arizona,US
624,Unused,Unused
625,Unused,Unused
626,California,US
627,Unused,US
628,California,US
629,Tennessee,US
630,Illinois,US
631,New York,US
632,Unused,Unused
633,Unused,Unused
634,Unused,Unused
635,Unused,Unused
636,Missouri,US
637,Unused,Unused
638,Unused,Unused
639,Saskatchewan,Canada
640,New Jersey,US
641,Iowa,US
642,Unused,Unused
643,Unused,Unused
644,Unused,Unused
645,Unused,Unused
646,New York,US
647,Ontario,Canada
648,Unused,Unused
649,Turks & Caicos Islands,Turks & Caicos Islands
650,California,US
651,Minnesota,US
652,Unused,Unused
653,Unused,Unused
654,Unused,Unused
655,Unused,Unused
656,Florida,US
657,California,US
658,Jamaica,Jamaica
659,Alabama,US
660,Missouri,US
661,California,US
662,Mississippi,US
663,Unused,Unused
664,Montserrat,Montserrat
665,Unused,Unused
666,Unused,Unused
667,Maryland,US
668,Unused,Unused
669,California,US
670,Northern Mariana Islands,US
671,Guam,US
672,British Columbia,Canada
673,Unused,Unused
674,Unused,Unused
675,Unused,Unused
676,Unused,Unused
677,Unused,Unused
678,Georgia,US
679,Michigan,US
680,New York,US
681,West Virginia,US
682,Texas,US
683,Unused,Canada
684,American Samoa,US
685,Unused,Unused
686,Unused,Unused
687,Unused,Unused
688,Unused,Unused
689,Florida,US
690,Unused,Unused
691,Unused,Unused
692,Unused,Unused
693,Unused,Unused
694,Unused,Unused
695,Unused,Unused
696,Unused,Unused
697,Unused,Unused
698,Unused,Unused
699,Unused,Unused
700,NANP Area,Unused
701,North Dakota,US
702,Nevada,US
703,Virginia,US
704,North Carolina,US
705,Ontario,Canada
706,Georgia,US
707,California,US
708,Illinois,US
709,Newfoundland and Labrador,Canada
710,Unused,US
711,Unused,Unused
712,Iowa,US
713,Texas,US
714,California,US
715,Wisconsin,US
716,New York,US
717,Pennsylvania,US
718,New York,US
719,Colorado,US
720,Colorado,US
721,Sint Maarten,Sint Maarten
722,Unused,Unused
723,Unused,Unused
724,Pennsylvania,US
725,Nevada,US
726,Texas,US
727,Florida,US
728,Unused,Unused
729,Unused,Unused
730,Illinois,US
731,Tennessee,US
732,New Jersey,US
733,Unused,Unused
734,Michigan,US
735,Unused,Unused
736,Unused,Unused
737,Texas,US
738,Unused,Unused
739,Unused,Unused
740,Ohio,US
741,Unused,Unused
742,Ontario,Canada
743,North Carolina,US
744,Unused,Unused
745,Unused,Unused
746,Unused,Unused
747,California,US
748,Unused,Unused
749,Unused,Unused
750,Unused,Unused
751,Unused,Unused
752,Unused,Unused
753,Unused,Canada
754,Florida,US
755,Unused,Unused
756,Unused,Unused
757,Virginia,US
758,St. Lucia,St. Lucia
759,Unused,Unused
760,California,US
761,Unused,Unused
762,Georgia,US
763,Minnesota,US
764,Unused,US
765,Indiana,US
766,Unused,Unused
767,Dominica,Dominica
768,Unused,Unused
769,Mississippi,US
770,Georgia,US
771,Washington D.C.,US
772,Florida,US
773,Illinois,US
774,Massachusetts,US
775,Nevada,US
776,Unused,Unused
777,Unused,Unused
778,British Columbia,Canada
779,Illinois,US
780,Alberta,Canada
781,Massachusetts,US
782,Nova Scotia - Prince Edward Island,Canada
783,Unused,Unused
784,St. Vincent & Grenadines,St. Vincent & Grenadines
785,Kansas,US
786,Florida,US
787,Puerto Rico,US
788,Unused,Unused
789,Unused,Unused
790,Unused,Unused
791,Unused,Unused
792,Unused,Unused
793,Unused,Unused
794,Unused,Unused
795,Unused,Unused
796,Unused,Unused
797,Unused,Unused
798,Unused,Unused
799,Unused,Unused
800,NANP Area,Unused
801,Utah,US
802,Vermont,US
803,South Carolina,US
804,Virginia,US
805,California,US
806,Texas,US
807,Ontario,Canada
808,Hawaii,US
809,Dominican Republic,Dominican Republic
810,Michigan,US
811,Unused,Unused
812,Indiana,US
813,Florida,US
814,Pennsylvania,US
815,Illinois,US
816,Missouri,US
817,Texas,US
818,California,US
819,Quebec,Canada
820,California,US
821,Unused,Unused
822,Unused,Unused
823,Unused,Unused
824,Unused,Unused
825,Alberta,Canada
826,Virginia,US
827,Unused,Unused
828,North Carolina,US
829,Dominican Republic,Dominican Republic
830,Texas,US
831,California,US
832,Texas,US
833,NANP Area,Unused
834,Unused,Unused
835,Unused,US
836,Unused,Unused
837,Unused,Unused
838,New York,US
839,South Carolina,US
840,California,US
841,Unused,Unused
842,Unused,Unused
843,South Carolina,US
844,NANP Area,Unused
845,New York,US
846,Unused,Unused
847,Illinois,US
848,New Jersey,US
849,Dominican Republic,Dominican Republic
850,Florida,US
851,Unused,Canada
852,Unused,Unused
853,Unused,Unused
854,South Carolina,US
855,NANP Area,Unused
856,New Jersey,US
857,Massachusetts,US
858,California,US
859,Kentucky,US
860,Connecticut,US
861,Unused,Unused
862,New Jersey,US
863,Florida,US
864,South Carolina,US
865,Tennessee,US
866,NANP Area,Unused
867,Yukon-NW Terr. - Nunavut,Canada
868,Trinidad & Tobago,Trinidad & Tobago
869,St. Kitts & Nevis,St. Kitts & Nevis
870,Arkansas,US
871,Unused,Canada
872,Illinois,US
873,Quebec,Canada
874,Unused,Unused
875,Unused,Unused
876,Jamaica,Jamaica
877,NANP Area,Unused
878,Pennsylvania,US
879,Newfoundland and Labrador,Canada
880,Unused,Unused
881,Unused,Unused
882,Unused,Unused
883,Unused,Unused
884,Unused,Unused
885,Unused,Unused
886,Unused,Unused
887,Unused,Unused
888,NANP Area,Unused
889,Unused,Unused
890,Unused,Unused
891,Unused,Unused
892,Unused,Unused
893,Unused,Unused
894,Unused,Unused
895,Unused,Unused
896,Unused,Unused
897,Unused,Unused
898,Unused,Unused
899,Unused,Unused
900,NANP Area,Unused
901,Tennessee,US
902,Nova Scotia - Prince Edward Island,Canada
903,Texas,US
904,Florida,US
905,Ontario,Canada
906,Michigan,US
907,AK,US
908,New Jersey,US
909,California,US
910,North Carolina,US
911,Unused,Unused
912,Georgia,US
913,Kansas,US
914,New York,US
915,Texas,US
916,California,US
917,New York,US
918,Oklahoma,US
919,North Carolina,US
920,Wisconsin,US
921,Unused,Unused
922,Unused,Unused
923,Unused,Unused
924,Unused,Unused
925,California,US
926,Unused,Unused
927,Unused,Unused
928,Arizona,US
929,New York,US
930,Indiana,US
931,Tennessee,US
932,Unused,Unused
933,Unused,Unused
934,New York,US
935,Unused,US
936,Texas,US
937,Ohio,US
938,Alabama,US
939,Puerto Rico,US
940,Texas,US
941,Florida,US
942,Unused,Canada
943,Georgia,US
944,Unused,Unused
945,Texas,US
946,Unused,Unused
947,Michigan,US
948,Virginia,US
949,California,US
950,Unused,Unused
951,California,US
952,Minnesota,US
953,Unused,Unused
954,Florida,US
955,Unused,Unused
956,Texas,US
957,Unused,Unused
958,Unused,Unused
959,Connecticut,US
960,Unused,Unused
961,Unused,Unused
962,Unused,Unused
963,Unused,Unused
964,Unused,Unused
965,Unused,Unused
966,Unused,Unused
967,Unused,Unused
968,Unused,Unused
969,Unused,Unused
970,Colorado,US
971,Oregon,US
972,Texas,US
973,New Jersey,US
974,Unused,Unused
975,Missouri,US
976,Unused,Unused
977,Unused,Unused
978,Massachusetts,US
979,Texas,US
980,North Carolina,US
981,Unused,Unused
982,Unused,Unused
983,Colorado,US
984,North Carolina,US
985,Louisiana,US
986,Idaho,US
987,Unused,Unused
988,Unused,Unused
989,Michigan,US
990,Unused,Unused
991,Unused,Unused
992,Unused,Unused
993,Unused,Unused
994,Unused,Unused
995,Unused,Unused
996,Unused,Unused
997,Unused,Unused
998,Unused,Unused
999,Unused,Unused
